heart disorders;
vascular issues;
hypertension;
acne;
eczema;
psoriasis;
dermatitis;
diabetes;
thyroid disorders;
gastritis;
irritable bowel syndrome (IBS);
liver disease;
anemia;
leukemia;
blood cancers;
renal failure;
kidney stones;
migraines;
epilepsy;
Alzheimer's disease;
pregnancy;
gynecological conditions;
tumors;
chemotherapy;
radiation therapy;
vision problems;
cataracts;
bone fractures;
joint problems;
nose;
throat disorders;
sinusitis;
hearing loss;
developmental disorders;
physical therapy;
depression;
anxiety;
schizophrenia;
asthma;
chronic obstructive pulmonary disease (COPD);
X-rays;
CT scans;
MRI;
arthritis;
lupus;
kidney stones;
prostate issues ;
immune system disorders;
pain management during surgery;
trauma;
critical conditions;
chronic diseases;
internal organ disorders;;
age-related health issues;
premature infants;
insomnia;
sleep apnea;
physical fitness;
inherited conditions;
counseling for genetic conditions;
infertility;
reproductive disorders;
bacterial and viral infections;
medication management;
exposure to toxins;
overdose;
pain disorders;
insomnia;
sleep apnea;
pain management in terminal illness;
puberty-related conditions;
immune system disorders in children;
pediatric trauma;
arthritis in children;
criminal behavior;
insomnia;
sleep apnea;
hepatic disorders;
premature infants;
arthritis in children;
hyperbaric oxygen therapy;
neurological testing;
arthritis in children;
arthritis in children;
fertility;
erectile dysfunction;
heart attacks;
heart failure;
arrhythmias;
cancer diagnosis;
skin cancer diagnosis;
Nerve disorders;
Urinary incontinence;
bacterial and viral infections;
Study of genetic disorders;
pediatric trauma;
Nose problems;
Throat disorders in children;

rifat diroder ,rifat 
maybe,Something 
Headdack,Rifat 
fctctt,tftftftf
rifat,Kim
ieunfciwr3uewvcweru83urqwiefbnc-ru39iqw,u3irwbfnc29upi3qrwnvc9-u23roqwfc
testting the system,Hello world
121212,121212
nimafdur,nimadur 
1234,12345
12121,1212
test2,test3
